ID,Address,Area,PostCode
130753,"Islam Rice"," House 227/A"," Malibagh college Road"," Block N/A"," Sector N/A",Malibagh,1217
130754,"Future Departmental Store"," House 227/A"," Malibagh College Road"," Block N/A"," Sector N/A",Malibagh,1217
131615,Proshanti," House 227/A"," Malibagh Bazar Road",Malibagh,1217
144467,"Tangail Cham Cham SweetsSweets"," House 3"," Mouchak Mor",Malibagh,1217
144485,Jennys," House N/A"," Mouchak Mor",Malibagh,1217
144493,"Pora Bari Cham Cham"," House N/A"," Mouchak Mor",Malibagh,1217
144501,"Bismillah Confectionary "," House 2"," Outer Circular Road",Malibagh,1217
144511,"City Bank Cash"," House N/A"," Mouchak Mor",Malibagh,1217
144601,"Jabir Enterprise"," House 238/1"," New Circular Road","Mouchak More",1217
144603,"Jabir Enterprise"," House 238/1"," New Circular Road","Mouchak More",1217
144605,"Jabir Enterprise"," House 238/1"," New Circular Road","Mouchak More",1217
144607,"Jabir Enterprise"," House 238/1"," New Circular Road","Mouchak More",1217
144608,"Jabir Enterprise"," House 238/1"," New Circular Road","Mouchak More",1217
144609,"Jabir Enterprise"," House 238/1"," New Circular Road","Mouchak More",1217
144611,"Bismillah Medicine Corner"," House 238/1"," New Circular Road","Mouchak More",1217
144615,"Bangladesh Commerce Bank Limited"," House N/A"," New Circular Road",Malibagh,1217
144616,Apex," House N/A"," Outer Circular Road",Malibagh,1217
144617,N/A," House N/A"," Outer Circular Road",Malibagh,1217
144618,"Maruf Market"," House N/A"," Outer Circular Road",Malibagh,1217
144619,"Icon University Admission Coaching"," House 238/1"," New Circular Road",Malibagh,1217
144620,"New Life"," House 238/1"," New Circular Road",Malibagh,1217
144621,"Tahfizul Quran International Madrasa"," House 238/1"," Mouchak More",Malibagh,1217
144624,"Cordial Cottage Green"," House 73"," Malibagh Bazar Road",Malibagh,1217
144625,"Media Satellite Lucky Video"," House 73/A"," Malibagh Bazar Road",Malibagh,1217
144629,"Nakshi Villa"," House 237",238," Malibagh Bazar Road",Malibagh,1217
144630,N/A," House 139"," Malibagh Bazar Road",Malibagh,1217
144632,"Lamia General Store"," House 139"," Malibagh Bazar Road",Malibagh,1217
144635,"Borno Telecom"," House 236"," Malibagh Bazar Road",Malibagh,1217
144637,"Borno telecom"," House 236"," Malibagh Bazar Road",Malibagh,1217
144638,"Borno telecom"," House 236"," Malibagh Bazar Road",Malibagh,1217
144640,"Borno telecom"," House 236"," Malibagh Bazar Road",Malibagh,1217
144642,"Borno telecom"," House 236"," Malibagh Bazar Road",Malibagh,1217
144645,"Dolna Parsony"," House N/A"," Malibagh Bazar Road",Malibagh,1217
144647,"Daily Needs"," House 139"," Malibagh Bazar Road",Malibagh,1217
144650,"Daily Needs"," House 139"," Malibagh Bazar Road",Malibagh,1217
144652,"Daily Needs"," House 139"," Malibagh Bazar Road",Malibagh,1217
144654,"Daily Needs "," House 139"," Malibagh Bazar Road",Malibagh,1217
144710,"Aminul Automatic Dry Cleaners"," House 236"," Malibagh Bazar Road",Malibagh,1217
144711,"Alam Store"," House 140"," Malibagh Bazar Road",Malibagh,1217
144712,"Torun Hair Cutting"," House N/A"," Malibagh Bazar Road",Malibagh,1217
144713,"Friends International"," House N/A"," Malibagh Bazar Road",Malibagh,1217
144714,"Friends International"," House N/A"," Malibagh Bazar Road",Malibagh,1217
144715,"Friends International"," House N/A"," Malibagh Bazar Road",Malibagh,1217
144716,"Friends International"," House N/A"," Malibagh Bazar Road",Malibagh,1217
144717,"Friends International"," House N/A"," Malibagh Bazar Road",Malibagh,1217
144718,"Siam Ladies Tailors "," House 140"," Malibagh Bazar Road",Malibagh,1217
144719,Step," House N/A"," Malibagh Bazar Road",Malibagh,1217
144720,"CP Five Star"," House 234"," Malibagh Bazar Road",Malibagh,1217
144721,N/A," House 234"," Malibagh Bazar Road",Malibagh,1217
144722,"Khalek Electronics "," House 234"," Malibagh Bazar Road",Malibagh,1217
144723,"Castle Food & Bakery"," House 140"," Malibagh Bazar Road",Malibagh,1217
144724,"Shuvo Sanitary & Hardware"," House 140"," Malibagh Bazar Road",Malibagh,1217
144725,"Shuvo Sanitary & Hardware"," House 140"," Malibagh Bazar Road",Malibagh,1217
144726,"Priti Pharmacy"," House 140"," Malibagh Bazar Road",Malibagh,1217
144727,Annana," House 234"," Malibagh Bazar Road",Malibagh,1217
144728,"Annana Hotel & Restaurant"," House 234"," Malibagh Bazar Road",Malibagh,1217
144729,"Ismail Sanitary"," House 233"," Malibagh Bazar Road",Malibagh,1217
144730,"Nitol Garden"," House 145/1"," Malibagh Bazar Road",Malibagh,1217
144731,"Chadpur Sanitary"," House 233"," Malibagh Bazar Road",Malibagh,1217
144732,"Noakhali Sanitary"," House N/A"," Malibagh Bazar Road",Malibagh,1217
144733,"Nusrat General Store"," House 148"," Malibagh Bazar Road",Malibagh,1217
144734,"Tangail Refrigerators"," House 233"," Malibagh Bazar Road",Malibagh,1217
144735,N/A," House 233"," Malibagh Bazar Road",Malibagh,1217
144736,"Biswas Malobika"," House 228-229"," Malibagh Bazar Road",Malibagh,1217
144737,"Roni General Store"," House 148"," Malibagh Bazar Road",Malibagh,1217
144738,"Shanti Hair Cutting"," House 148"," Malibagh Bazar Road",Malibagh,1217
144739,"Kajol Sanitary"," House N/A"," Malibagh Bazar Road","Malibagh ",1217
144740,"Malibagh Medicine Corner"," House N/A"," Malibagh Bazar Road",Malibagh,1217
144741,"Jhinuk Medicine Corner"," House 148"," Malibagh Bazar Road",Malibagh,1217
144742,"Comilla Beding Store"," House N/A"," Malibagh Bazar Road",Malibagh,1217
144743,"Fatemah Hardware & Electronics"," House 148"," Malibagh Bazar Road",Malibagh,1217
144744,"Fatemah Hardware & Electronics"," House 148"," Malibagh Bazar Road",Malibagh,1217
144745,"Fatemah Hardware & Electronics"," House 148"," Malibagh Bazar Road",Malibagh,1217
144746,"Fatemah Hardware & Electronics"," House 148"," Malibagh Bazar Road",Malibagh,1217
144747,"Green Pharmacy"," House 148"," Malibagh Bazar Road",Malibagh,1217
144748,"A to Z Telecom & Laundry"," House 148"," Malibagh Bazar Road",Malibagh,1217
144749,"A to Z Telecom & Laundry"," House 148"," Malibagh Bazar Road",Malibagh,1217
144750,"Majid Store"," House 148"," Malibagh College Road",Malibagh,1217
144751,"Sapa Hair Cutting"," House 148"," Malibagh College Road",Malibagh,1217
144752,"Shanto Electronics"," House 148"," Malibagh College Road",Malibagh,1217
144753,"Shaon Telecom"," House 148"," Malibagh College Road",Malibagh,1217
144754,"Shaon Telecom"," House 148"," Malibagh College Road",Malibagh,1217
144755,"Shaon Telecom"," House 148"," Malibagh College Road",Malibagh,1217
144756,"Shaon Telecom"," House 148 "," Malibagh College Road",Malibagh,1217
144757,"Islam Sanitary"," House 148"," Malibagh College Road",Malibagh,1217
144758,"Badshah Book Binding"," House 148"," Malibagh College Road",Malibagh,1217
144762,"Electronics House"," House 148"," Malibagh College Road",Malibagh,1217
144763,"Bismillah Hair cutting"," House 148/2"," Malibagh College Road","Malibagh ",1217
144769,"Ruma Store"," House 200","  Malibagh College Road",Malibagh,1217
144771,"Madina Sanitary"," House 200"," Malibagh College Road",Malibagh,1217
144772,Deens," House 199"," Malibagh College Road",Malibagh,0
144773,Shorilota," House 153"," Malibagh College Road",Malibagh,1217
144776,N/A," House 153/A"," Malibagh College Road",Malibagh,1217
144778,"Sheltech Dream"," House 153/1"," Malibagh College Road",Malibagh,1217
144779,"Sah Traders"," House N/A"," Malibagh college Road",Malibagh,1217
144780,"Sah Traders"," House N/A"," Malibagh college Road",Malibagh,1217
144781,"Sah Traders"," House N/A"," Malibagh college Road",Malibagh,1217
144782,"Kamal Store"," House N/A"," Malibagh Pabna Colony Road","Malibagh ",1217
144783,"Ma Electronics "," House 196"," Malibagh Pabna Colony Road",Malibagh,1217
144784,"Avi Restaurant"," House 196/2 "," Malibgah Pabna Colony Road",Malibagh,1217
144785,"Arob Refrigerator"," House 196/2"," Malibagh Pabna Colony Road","Malibagh ",1217
144786,N/A," House 196"," Malibagh Pabna Colony Road",Malibagh,1217
144788,"Amicus Golden Galaxy"," House 222/B"," Malibagh Pabna Colony Road",Malibagh,1217
144987,"AKJ Garden"," House 203/1"," Malibagh College Road",Malibagh,1217
144991,"AKJ Garden"," House 204/1"," Malibagh College Road",Malibagh,1217
144997,"Mahi Sanitary Store"," House 148/2"," Malibagh Bazar Road",Malibagh,1217
145002,"The Unique KinderGarden"," House N/A"," Malibagh Bazar Road",Malibagh,1217
145003,"Jamal Store"," House 201"," Malibagh Bazar Road",Malibagh,1217
145007,"Happy Homes"," House 150"," Malibagh Bazar Road",Malibagh,1217
145014,"House 200"," Malibagh Bazar Road",Malibagh,1217
145025,"Hridoy Decorators"," House 200"," Malibagh Bazar Road",Malibagh,1217
145033,"Zahid Refrigerator"," House 200"," Malibagh Bazar Road",Malibagh,1217
145042,Rajgir-Srabostri," House 152"," Malibagh Bazar Road",Malibagh,1217
145052,"Mehrun Villa"," House 153/6"," Joarder Ln",Malibagh,1217
145060,"Shamim Rana"," House 153/7"," Joarder Ln",Malibagh,1217
145066,N/A," House 153/8"," Joarder Ln",Malibagh,1217
147019,"Uttara Nir"," House 253/1"," Joarder Ln",Malibagh,1217
147025,Srijon," House 153/5"," Joarder Ln",Malibagh,1217
147058,"Amena Manjil"," House 153/4"," Joarder Ln",Malibagh,1217
147082,"Akbor Manjil"," House 153/3"," Joarder Ln",Malibagh,1217
147108,"Preety Garden"," House 146"," Malibagh College Road",Malibagh,1217
147373,"Beauty Clinic"," House N/A"," Road Malibagh 1st Ln",Malibagh,1217
147374,N/A," House 1/6"," Road Malibagh 1st Ln",Malibagh,1217
147376,"House 73/4"," Road Malibagh 1st Ln",Malibagh,1217
147378,N/A," House 139/1"," Road Malibagh 1st Ln",Malibagh,1217
147379,"Rajia House"," House 75"," Road Malibagh 1st Ln",Malibagh,1217
147380,"Jahan Mansion"," House 139/2"," Road Malibagh 1st Ln",Malibagh,1217
147381,N/A," House 75/B"," Road Malibagh 1st Ln",Malibagh,1217
147392,"Ma Generae Store"," House 75/A"," Road Malibagh 1st Ln",Malibagh,1217
147395,"R H Bhaban"," House 75/1"," Road Malibagh 1st Ln",Malibagh,1217
147397,"Heart House"," House 138"," Road Malibagh 1st Ln",Malibagh,1217
147413,N/A," House 75/2"," Road Malibagh 1st Ln",Malibagh,1217
147418,"N.B Enterprise"," House 77/A"," Road Malibagh 1st Ln",Malibagh,1217
147421,"Bahadur Villa"," House 77/B"," Road Malibagh 1st Ln",Malibagh,1217
147425,N/A," House 137"," Road Malibagh 1st Ln",Malibagh,1217
147430,"Abdul khalek"," House 79/A"," Road Malibagh 1st Ln",Malibagh,1217
147432,N/A," House 81/A"," Road Malibagh 1st Ln",Malibagh,1217
147434,"Digital Print"," House N/A"," Road Malibagh 1st Ln",Malibagh,1217
147436,"Tupul Electronics"," House 81/1"," Road Malibagh 1st Ln",Malibagh,1217
147442,"Dental Park"," House N/A"," Road Malibagh 1st Ln",Malibagh,1217
147450,"Maa General Store"," House 135 "," Road Malibagh 1st Ln",Malibagh,1217
147453,"Ittadi Laundry"," House 135 "," Road Malibagh 1st Ln",Malibagh,1217
147455,"Shondha Hair Cutting"," House 135 "," Road Malibagh 1st Ln",Malibagh,1217
147460,"Uttara Auto"," House 83 "," Road Malibagh 1st Ln",Malibagh,1217
147464,"Aristo Nirjhor"," House 132/1"," Road Malibagh 1st Ln",Malibagh,1217
147466,N/A," House 84"," Road Malibagh 1st Ln",Malibagh,1217
147468,"Hafiz Villa"," House 132"," Road Malibagh 1st Ln",Malibagh,1217
147472,"Dom-Inno Endroit"," House 85",86," Road Malibagh 1st Ln",Malibagh,1217
147477,N/A," House 130/B"," Road Malibagh 1st Ln",Malibagh,1217
147481,N/A," House 133/5"," Road Malibagh 1st Ln",Malibagh,1217
147484,N/A," House 133/4"," Road Malibagh 1st Ln",Malibagh,1217
147492,"Tumazzel Hossain"," House 133/4 KA"," Road Malibagh 1st Ln",Malibagh,1217
147509,"Madrasatul Hera Al Islamia"," House 131/B"," Road Malibagh 1st Ln",Malibagh,1217
147513,N/A," House 131/5"," Road Malibagh 1st Ln","Malibagh ",1217
147517,"Baitul Aman"," House 131/A"," Road Malibagh 1st Ln",Malibagh,1217
147518,"House 131/1"," Road Malibagh 1st Ln","Malibagh ",1217
147522,Sriti," House 131 A/1"," Road Malibagh 1st Ln",Malibagh,0
147523,Chondrima," House 131/2"," Road Malibagh 1st Ln",Malibagh,1217
147526,N/A," House 131/4"," Road Malibagh 1st Ln",Malibagh,1217
147549,N/A," House N/A"," Malibagh College Road",Malibagh,1217
147550,"Dream House"," House 138/1"," Road Malibagh 1st Ln",Malibagh,1217
147551,"Saleha Kutir"," House 83"," Road Malibagh 1st Ln",Malibagh,1217
147552,N/A," House 130"," Road Malibagh 1st Ln",Malibagh,1217
147554,"Jannat Pharmacy"," House 88"," Road Malibagh 1st Ln",Malibagh,1217
147555,"Shahadat General Store"," House 88"," Road Malibagh 1st Ln",Malibagh,1217
147558,"Marti Chaya"," House 88"," Road Malibagh 1st Ln",Malibagh,1217
147559,"Ashraf Cottage"," House 88/A"," Road Malibagh 1st Ln",Malibagh,1217
147560,N/A," House N/A"," Road Malibagh 1st Ln",Malibagh,1217
147561,"Malek Engineering Works"," House 89/1"," Road Malibagh 1st Ln",Malibagh,1217
147562,"Bashar Refrigerator & Electronics"," House 89/1"," Road Malibagh 1st Ln",Malibagh,1217
147563,"National Youth Development & Technical Training Center"," House 89"," D.I.T Road",Malibagh,1217
147564,N/A," House 130/1"," Road Malibagh 1st Ln","Malibagh ",1217
147565,"Baitul Mamur Jame Masjid"," House N/A"," Road Malibagh 1st Ln","Malibagh ",1217
147566,N/A," House 91"," Road Malibagh 1st Ln","Malibagh ",1217
147567,N/A," House 129"," Road Malibagh 1st Ln","Malibagh ",1217
147568,"Rina Manjil"," House 93 "," Road Malibagh 1st Ln","Malibagh ",1217
147569,"Malibagh Super Shop"," House 97"," Road Malibagh 1st Ln","Malibagh ",1217
147570,"Asif Dry Cleaners"," House N/A"," Road Malibagh 1st Ln",Malibagh,1217
147571,"Aroma Beauty Saloon"," House 96"," Road Malibagh 1st",Malibagh,1217
147572,"Jannat Car Fashion"," House N/A"," Road Malibagh 1st Ln",Malibagh,0
147573,"New Arab Engineering Works"," House N/A"," Road Malibagh 1st Ln","Malibagh ",1217
147574,N/A," House 97"," Road Malibagh 1st Ln",Malibagh,1217
147575,"Doric Hossain Villa"," House N/A"," Road Malibagh 1st Ln",Malibagh,1217
147577,"Mahbub Ara Mansion"," House 97 "," Road Malibagh 1st Ln",Malibagh,1217
147580,"Mou General Store "," House 97"," Road Malibagh 1st Ln",Malibagh,1217
147582,"Meherunnesa Manjil"," House 124"," Road Malibagh 1st Ln",Malibagh,1217
147583,N/A," House 99"," Road Malibagh 1st Ln"," East Malibagh",1217
147585,Shoptorshi," House 123"," Road Malibagh 1st Ln","  Malibagh",1217
147588,N/A," House 100/B"," Road Malibagh 1st Ln","  Malibagh",1217
147589,"Talha International"," House 100/A "," Road Malibagh 1st Ln","  Malibagh",1217
147590,"Jamila Villa"," House 121"," Road Malibagh 1st Ln","  Malibagh",1217
147593,"Atisto Jahanara"," House 101"," Road Malibagh 1st Ln","  Malibagh",1217
147595,N/A," House 120"," Road Malibagh 1st Ln","  Malibagh",1217
147599,N/A," House 101/A "," Road Malibagh 1st Ln",Malibagh,1217
147600,N/A," House 119/A"," Road Malibagh 1st Ln",Malibagh,1217
147603,"Al Haz M.A. Mannan"," House 119/2"," Road Malibagh 1st Ln",Malibagh,1217
147604,"Markazul Islam Women Madrasa"," House 119/3"," Road Malibagh 1st Ln",Malibagh,1217
147605,"Hena Kutir"," House 173"," Road  Malibagh 1st Ln","East Malibagh",1217
147606,N/A," House 170"," Road  Malibagh 1st Ln Link","East Malibagh",1217
147607,N/A," House 175"," Road  Malibagh 1st Ln Link","East Malibagh",1217
147610,"Islam Pharmacy"," House 176","  Malibagh Bazar Road",Malibagh,1217
147612,"Alamin Laundry "," House 176","  Malibagh Bazar Road",Malibagh,1217
147615,"Sumaya Stationary"," House N/A"," Malibagh College Road",Malibagh,1217
147619,"Maer Ashirbad General store"," House 175"," Malibagh College Road",Malibagh,1217
147623,"Faruk Pharmacy"," House 176"," Malibagh College Road ",Malibagh,1217
147624,"Shadhona Medicine "," House 176"," Malibagh College Road ",Malibagh,1217
147682,"Plabon Bhoumik"," House 148"," Malibagh College Road",Malibagh,1217
147684,"Rashida Manjil"," House N/A"," Malibagh College Road",Malibagh,1217
147685,"Mukul Villa"," House 146"," Malibagh College Road",Malibagh,1217
147686,N/A," House 147"," Malibagh College Road",Malibagh,1217
147687,N/A," House 148/1"," Malibagh College Road",Malibagh,1217
147688,N/A," House N/A"," Malibagh College Road",Malibagh,1217
147693,"Kazi Enterprise"," House 196"," Malibagh College Road",Malibagh,1217
147696,"Bonna Rice"," House 196"," Malibagh College Road",Malibagh,1217
147699,"Polok Bakery"," House N/A"," Malibagh College Road",Malibagh,1217
147702,"Bakorkhani "," House N/A"," Malibagh College Road",Malibagh,1217
147705,"Kazi Farms Kitchen"," House 194"," Malibagh College Road",Malibagh,1217
147707,"Shotota Furniture"," House 194"," Malibagh College Road",Malibagh,1217
147711,"Allaher Dan Beding Store"," House 194"," Malibagh College Road",Malibagh,1217
149731,"Greate Smart Hair Cutting"," House N/A"," Malibagh College Road",Malibagh,1217
149747,N/A," House N/A"," Malibagh College Road",Malibagh,1217
149752,N/A," House N/A"," Malibagh College Road",Malibagh,1217
149762,N/A," House N/A"," Malibagh College Road",Malibagh,1217
149767,"Jabbar Foods"," House N/A"," Malibagh College Road",Malibagh,1217
149770,"Abujor Gifari College"," House N/A"," Malibagh College Road",Malibagh,1217
149773,"Kazi Villa"," House 192"," Malibagh College Road",Malibagh,1217
149778,"Bithi General Store"," House 192"," Malibagh College Road",Malibagh,1217
149784,"Nahar Manjil"," House 190/1"," Malibagh College Road",Malibagh,1217
149789,"Qulsum Placida"," House 189/1"," Malibagh College Road",Malibagh,1217
149796,"Ridge Huda"," House 189"," Malibagh College Road",Malibagh,1217
149803,"Shumon Tailors"," House 188/B"," Malibagh College Road",Malibagh,1217
149810,"M.R Zam Zam Departmental Store"," House N/A"," Malibagh College Road",Malibagh,1217
149815,N/A," House 188/A"," Malibagh College Road",Malibagh,1217
149830,"I.H Computer"," House 187"," Malibagh College Road",Malibagh,1217
149840,"Minar Market"," House N/A"," Malibagh College Road",Malibagh,1217
149855,"Dream Computer & Stationary"," House 187"," Malibagh College Road",Malibagh,1217
149869,"Adhora Garments"," House 187"," Malibagh College Road",Malibagh,1217
149877,"Baitul Aman Zame Masjid"," House N/A"," Malibagh College Road",Malibagh,1217
149883,"Comilla Hotel"," House 186"," Malibagh College Road",Malibagh,1217
149896,"Bismillah Telecom & Electronics"," House N/A"," Malibagh College Road",Malibagh,1217
149905,"Men's Club"," House 186"," Malibagh College Road",Malibagh,1217
149910,"R.R Telecom"," House N/A"," Malibagh College Road",Malibagh,1217
149912,"Chadpur Hotel"," House N/A"," Malibagh College Road",Malibagh,1217
149919,"Alam Treaders"," House 183 "," Malibagh Bazar Railgate",Malibagh,1217
149930,"Shipon Store"," House 199/3"," Malibagh Bazar Railgate",Malibagh,1217
149937,N/A," House N/A"," Malibagh Bazar Railgate",Malibagh,1217
149940,N/A," House 426"," Malibagh Bazar Railgate",Malibagh,1217
149942,N/A," House 425/3"," Malibagh Bazar Railgate",Malibagh,1217
149946,N/A," House 425"," Malibagh Bazar Railgate",Malibagh,1217
149949,"Omra Gori"," House 425/5"," Malibagh Bazar Railgate",Malibagh,1217
149959,"Newton Tea Marketing"," House 426"," Malibagh Bazar Railgate",Malibagh,1217
149973,"Bismillah Departmentaal Store"," House 183"," Malibagh Bazar Road",Malibagh,1217
149978,"New Chadpur Store"," House N/A"," Malibagh Bazar Road",Malibagh,1217
149983,"Alam Traders"," House 183"," Malibagh Bazar Road",Malibagh,1217
150021,"Sayma General Store"," House 181 "," Malibagh Bazar Road",Malibagh,1217
150034,N/A," House 182"," Malibagh Bazar Road",Malibagh,1217
150037,"Sahin Enterprises"," House 182"," Malibagh Bazar Road",Malibagh,1217
150039,"Rakib Hardware & Electronics"," House 181"," Malibagh Bazar Road",Malibagh,1217
150040,"Bhai Bhai Store"," House N/A"," Malibagh Bazar Road",Malibagh,1217
150051,"Yousuf Bakery"," House N/A"," Malibagh Bazar Road",Malibagh,1217
150057,"New Comilla Hair Saloon"," House N/A"," Malibagh Bazar Road",Malibagh,1217
150065,"MA Hair Cutting"," House GA-50"," Malibagh Bazar Road",Malibagh,1217
150070,"Barisal Store"," House N/A"," Malibagh Bazar Road",Malibagh,1217
150073,N/A," House N/A"," Malibagh Bazar Road",Malibagh,1217
150076,"Ma Moni Telecom"," House 168"," Malibagh Bazar Road",Malibagh,1217
150077,N/A," House 167"," Malibagh Bazar Road",Malibagh,1217
150078,N/A," House 168/3"," Malibagh Bazar Road",Malibagh,1217
150081,"Shaheed Faruk Ikbal Girls High School"," House 167"," Malibagh Bazar Road",Malibagh,1217
150085,"A.K Library"," House N/A"," Malibagh Bazar Road",Malibagh,1217
150087,Momota," House 165/A"," Malibagh Bazar Road",Malibagh,1217
150088,"Nehar Cottage"," House 165/K"," Malibagh Bazar Road",Malibagh,1217
150094,"Jakir Hossain"," House 159/1"," Malibagh Bazar Road",Malibagh,1217
150099,N/A," House N/A"," Malibagh College Road",Malibagh,1217
150104,"Sel Chadan"," House 158"," Malibagh College Road",Malibagh,1217
150106,"Sel Chandan"," House 158/1"," Malibagh College Road",Malibagh,1217
150109,N/A," House N/A"," Malibagh College Road",Malibagh,1217
150112,Bivabory," House 156"," Malibagh College Road",Malibagh,1217
150115,"Peace Home"," House N/A"," Malibagh College Road",Malibagh,1217
150116,"Gazi Villa"," House 155"," Malibagh College Road",Malibagh,1217
150124,IHRC," House 222/Kha "," Malibagh Pabna Colony  ",Malibagh,1217
150125,N/A," House 222/Gha"," Malibagh Pabna Colony  ",Malibagh,1217
150126,"Malibagh Central Jame Masjid"," House 193"," Malibagh Pabna Colony  ",Malibagh,1217
150127,"Newaz Palace"," House N/A"," Malibagh Pabna Colony  ",Malibagh,1217
150128,Nasima," House N/A"," Malibagh Pabna Colony  ",Malibagh,1217
150129,Resehcy," House 422"," Malibagh Pabna Colony  ",Malibagh,1217
150130,"The Homeo Cure"," House 422/3"," Malibagh Pabna Colony  ",Malibagh,1217
150131,Camelia," House 422/2"," Malibagh Pabna Colony  ",Malibagh,1217
150132,"Pabna Colony Gate 2"," House 222/11"," Malibagh Pabna Colony Road",Malibagh,1217
150133,"Pabna Colony Gate 2"," House 222/15"," Malibagh Pabna Colony Road",Malibagh,1217
150134,"Pabna Colony Gate 2"," House 222/13"," Malibagh Pabna Colony Road",Malibagh,1217
150188,"Shamiz General Store"," House 222/2"," Malibagh Pabna Colony Road",Malibagh,1217
150190,"Alif Kinder Garden"," House N/A"," Malibagh Pabna Colony Road",Malibagh,1217
150193,"Pabna Colony Gate 1"," House 222/6"," Malibagh Pabna Colony Road",Malibagh,1217
150194,"Pabna Colony Gate 1"," House 222/7"," Malibagh Pabna Colony Road",Malibagh,1217
150196,"Pabna Colony Gate 1"," House 222/8"," Malibagh Pabna Colony Road",Malibagh,1217
150197,"Pabna Colony Gate 1"," House 222/9"," Malibagh Pabna Colony Road",Malibagh,1217
150200,"Pabna Colony Gate 1"," House 222/10"," Malibagh Pabna Colony Road",Malibagh,1217
150201,"Pabna Colony Gate 1"," House 222/3 A"," Malibagh Pabna Colony Road",Malibagh,1217
150203,"Pabna Colony Gate 1"," House 222/4"," Malibagh Pabna Colony Road ",Malibagh,1217
150205,"Pabna Colony Gate 1"," House 222/5"," Malibagh Pabna Colony Road ",Malibagh,1217
150206,"Pabna Colony Gate 2 "," House 222/14 A"," Malibagh Pabna Colony Road ",Malibagh,1217
150207,"Pabna Colony Gate 2"," House 222/14 B"," Malibagh Pabna Colony Road ",Malibagh,1217
150210,"Pabna Colony Gate 2"," House 222/14 "," Malibagh Pabna Colony Road ",Malibagh,1217
150211,"Pabna Colony Gate 2"," House 222/12"," Malibagh Pabna Colony Road ",Malibagh,1217
150212,"Pabna Colony Gate 2"," House 222/12 A"," Malibagh Pabna Colony Road ",Malibagh,1217
150213,"Pabna Colony Gate 2"," House 222/12 B"," Malibagh Pabna Colony Road ",Malibagh,1217
150214,"Rubia Villa "," House 421/C"," Malibagh Pabna Colony Road ",Malibagh,1217
150215,"Homeo Clinic"," House 421/C"," Malibagh Pabna Colony Road ",Malibagh,1217
150218,"Five Star Pre-Cadet & High School"," House 420/B"," Malibagh Pabna Colony Road "," Gulbagh",Malibagh,1217
157249,"New Siam Enterprise"," House 204"," Malibagh College Road",Malibagh,1217
157257,"Islam Store"," House 208 "," Malibagh College Road",Malibagh,1217
157261,"Munshi Villa"," House 208 "," Malibagh College Road",Malibagh,1217
157266,"Kohinur Manjil"," House 228/1"," Malibagh College Road",Malibagh,1217
157282,"Malibagh Sahi Masjid"," House N/a"," Malibagh College Road",Malibagh,1217
157290,Shapnil," House 209"," Malibagh College Road",Malibagh,1217
157301,Pollima," House 210"," Malibagh College Road",Malibagh,1217
157329,"A.s Treaders"," House 211"," Malibagh College Road",Malibagh,1217
157341,"Obhoy Pharmacy"," House 211 "," Malibagh College Road","Malibagh ",1217
157350,"Akota Nir"," House 211"," Malibagh College Road","Malibagh ",1217
157361,"Ambia Rose Garden"," House 211/1"," Malibagh College Road",Malibagh,1217
157370,"Sufi Lodge"," House 219"," Malibagh College Road",Malibagh,1217
157372,"Sufi Lodge"," House 220"," Malibagh College Road",Malibagh,1217
157375,N/a," House 213"," Malibagh College Road",Malibagh,1217
157377,"Mira Loy"," House 214"," Malibagh College Road",Malibagh,1217
157381,N/a," House 214/1"," Malibagh College Road",Malibagh,1217
157404,"Ashraf Uddin Khan"," House 226/1"," Malibagh College Road",Malibagh,1217
159507,"Social Islami Bank Limited"," House N/a"," D.i.t Road"," Mouchak",Malibagh,1217
159508,"Udoyon Kindergarten & Coaching"," House N/a"," D.i.t Road"," Mouchak",Malibagh,1217
159509,"Dr. Faruk-E-Azam"," House N/a"," D.i.t Road"," Mouchak",Malibagh,1217
159510,"Social Islami Bank Limited"," House N/a"," D.i.t Road"," Mouchak",Malibagh,1217
159511,"Ab Bank"," House N/a"," D.i.t Road"," Mouchak",Malibagh,1217
159512,"Ab Bank"," House N/a"," D.i.t Road"," Mouchak",Malibagh,1217
159513,"Global Study Consultancy"," House N/a"," D.i.t Road"," Mouchak",Malibagh,1217
159514,"Al-Arafah Islami Bank Limited"," House N/a"," D.i.t Road"," Mouchak",Malibagh,1217
159515,"Prime Dental"," House 72/1"," D.i.t Road"," Mouchak",Malibagh,1217
159516,"Property Rise"," House 72/1"," D.i.t Road"," Mouchak",Malibagh,1217
159517,"Dental Comfort"," House 72/1"," D.i.t Road"," Mouchak",Malibagh,1217
159518,"Dream Curt Saloon"," House 72/1"," D.i.t Road"," Mouchak",Malibagh,1217
159519,"One Bank"," House 72/1"," D.i.t Road"," Mouchak",Malibagh,1217
159520,"Dutch-Bangla Bank "," House 72/1"," D.i.t Road"," Mouchak",Malibagh,1217
159521,"Sahin Studio"," House 72/1"," D.i.t Road"," Mouchak",Malibagh,1217
159522,"Digonto Books & Stationary"," House 72/1"," D.i.t Road"," Mouchak",Malibagh,1217
159523,N/a," House N/a"," D.i.t Road"," Mouchak",Malibagh,1217
159524,"Beyond The Rack"," House N/a"," D.i.t Road"," Mouchak",Malibagh,1217
159525,"Meghna Sanitary"," House 72/2"," D.i.t Road"," Mouchak",Malibagh,1217
159526,"Cafe Mouchak"," House N/a"," D.i.t Road"," Mouchak",Malibagh,1217
159527,N/a," House N/a"," D.i.t Road"," Mouchak",Malibagh,1217
159528,"Eligant Chair"," House 76"," D.i.t Road"," Mouchak",Malibagh,1217
159529,"At Corporation"," House 76"," D.i.t Road"," Mouchak",Malibagh,1217
159530,"Jony Photo Binding"," House 76"," D.i.t Road"," Mouchak",Malibagh,1217
159531,"Regal Furniture"," House 76"," D.i.t Road"," Mouchak",Malibagh,1217
159532,"Al-Arafah Islami Bank"," House 76"," D.i.t Road"," Mouchak",Malibagh,1217
159533,"Friendship Furniture"," House 76"," D.i.t Road"," Mouchak",Malibagh,1217
159534,Rahimafrooz," House 76"," D.i.t Road"," Mouchak",Malibagh,1217
159535,"Club Campus"," House N/a"," D.i.t Road"," Mouchak",Malibagh,1217
159536,"Music Palace"," House 77"," D.i.t Road"," Mouchak",Malibagh,1217
159537,Partex," House 76"," D.i.t Road"," Mouchak",Malibagh,1217
159538,"Nur Sanitary"," House 77"," D.i.t Road"," Mouchak",Malibagh,1217
159539,"Adiat Hardware & Paint"," House 77"," D.i.t Road"," Mouchak",Malibagh,1217
159540,"Glass Corner"," House 77"," D.i.t Road"," Mouchak",Malibagh,1217
159541,"Tanin Bestware Furniture"," House 77"," D.i.t Road"," Mouchak",Malibagh,1217
159542,"Muna Furniture"," House 77"," D.i.t Road"," Mouchak",Malibagh,1217
159543,"Brahmanbaria Full Music"," House 78/a"," D.i.t Road"," Mouchak",Malibagh,1217
159544,"Salam Dairy Farms & Food "," House 80/3"," D.i.t Road"," Mouchak",Malibagh,1217
159545,"Mocca Thai Aluminium & Glasses"," House 78"," D.i.t Road"," Mouchak",Malibagh,1217
159546,"Nur & Co Decoration"," House 78 A/1"," D.i.t Road"," Mouchak",Malibagh,1217
159547,N/a," House N/a"," D.i.t Road"," Mouchak",Malibagh,1217
159548,"New Daud Tyre & Batter Shop"," House 80"," D.i.t Road"," Mouchak",Malibagh,1217
159549,N/a," House N/a"," D.i.t Road"," Mouchak",Malibagh,1217
159550,"Motin Sanitar"," House 85/5"," D.i.t Road"," Mouchak",Malibagh,1217
159551,N/a," House 85/4"," D.i.t Road"," Mouchak",Malibagh,1217
159552,"Hubli Decorator"," House 85/4"," D.i.t Road"," Mouchak",Malibagh,1217
159553,"Tisha Furniture"," House 85/b"," D.i.t Road"," Mouchak",Malibagh,1217
159554,"Bismillah Sahi Hotel & Restaurant"," House 85"," D.i.t Road"," Mouchak",Malibagh,1217
159555,"M/s Aziz Electronics"," House 85"," D.i.t Road"," Mouchak",Malibagh,1217
159556,"Ashraf Electronics"," House 85"," D.i.t Road"," Mouchak",Malibagh,1217
159557,"Mid Night Sun-1"," House N/a"," D.i.t Road"," Mouchak",Malibagh,1217
159558,"Brishti Bilashi Paan Shop"," House N/a"," D.i.t Road"," Mouchak",Malibagh,1217
159559,"National Plus"," House N/a"," D.i.t Road"," Mouchak",Malibagh,1217
159560,"Foktul Btothers"," House 89/1"," D.i.t Road"," Mouchak",Malibagh,1217
159561,"Cute Furniture"," House 89/1"," D.i.t Road"," Mouchak",Malibagh,1217
159562,Solemne," House 99/2"," D.i.t Road"," Mouchak",Malibagh,1217
159564,N/a," House N/a"," D.i.t Road"," Mouchak",Malibagh,1217
159566,"Malibagh Kazi Office"," House N/a"," D.i.t Road"," Mouchak",Malibagh,1217
159568,"Mim Sanitary"," House 92"," D.i.t Road"," Mouchak",Malibagh,1217
159570,"Prime Sanitary"," House 92"," D.i.t Road"," Mouchak",Malibagh,1217
159579,"Teletalk Customer Care"," House 92"," D.i.t Road"," Mouchak",Malibagh,1217
159581,"Omio Dental"," House 92"," D.i.t Road"," Mouchak",Malibagh,1217
159585,"Bandbox Laundry & Drycleaning"," House 92"," D.i.t Road",Malibagh,1217
159587,"Digital Print"," House 92"," D.i.t Road",Malibagh,1217
159591,"Mohsin Biriyani & Catering"," House 92"," D.i.t Road",Malibagh,1217
159592,"Arafat Tower"," House 94"," D.i.t Road",Malibagh,1217
159594,"Hertz Cat Rental"," House 94"," D.i.t Road",Malibagh,1217
159595,"Bismillah Airlines"," House 94"," D.i.t Road",Malibagh,1217
159600,"Mizaki Trading"," House  South 98"," D.i.t Road",Malibagh,1217
159601,"Apt Autos"," House N/a"," D.i.t Road",Malibagh,1217
159603,"Sampan Auto"," House N/a"," D.i.t Road",Malibagh,1217
159604,"Rafi Traders"," House N/a"," D.i.t Road",Malibagh,1217
159605,"Joyonti Store"," House 98"," D.i.t Road",Malibagh,1217
159606,"House 98"," D.i.t Road",Malibagh,1217
159607,"Joyonti Enterprise"," House 98"," D.i.t Road",Malibagh,1217
159608,"Jannat Car Fashion"," House 100"," D.i.t Road",Malibagh,1217
159612,"B.a.v.s Family Planning Clinic"," House 100"," D.i.t Road",Malibagh,1217
159613,"Honli-E- Bike"," House 100"," D.i.t Road",Malibagh,1217
159617,"Japan Auto Service"," House 105"," D.i.t Road",Malibagh,1217
159619,"Art King"," House N/a"," D.i.t Road",Malibagh,1217
159623,"Akshor Enterprise"," House 106"," D.i.t Road",Malibagh,1217
159628,"Mens Option"," House 106"," D.i.t Road",Malibagh,1217
159629,"Confidence Treaders"," House N/a"," D.i.t Road",Malibagh,1217
159634,"Mou Digital Studio"," House N/a"," D.i.t Road",Malibagh,1217
159637,"Best Buy"," House N/a"," D.i.t Road",Malibagh,1217
159993,"Haque Villa"," House 221"," Malibagh College Road",Malibagh,1217
160015,"Khoda Box Manjil"," House 221/1"," Malibagh College Road",Malibagh,1217
160023,Sel," Kazinibesh"," House N/a"," Malibagh College Road",Malibagh,1217
160038,"Radient Pri-Cadet High School"," House 223"," Malibagh College Road",Malibagh,1217
160041,"Saiful General Store"," House 223"," Malibagh College Road",Malibagh,1217
160043,"Fariha General Store"," House 223/1/a"," Malibagh College Road",Malibagh,1217
160049,N/a," House 223/1/a"," Malibagh College Road",Malibagh,1217
160052,"Five Star Saloon"," House 223/1/a"," Malibagh College Road",Malibagh,1217
160057,"Choyti General Store"," House 223/1/a"," Malibagh College Road",Malibagh,1217
160063,"K.m. Sobhan"," House 222/k"," Malibagh College Road",Malibagh,1217
160070,"Kamal Hardware & Electronics"," House 222/1"," Malibagh College Road",Malibagh,1217
160074,"Nur Medical Hall"," House 222/1"," Malibagh College Road",Malibagh,1217
160081,"Manikganj Dress King Tailors "," House 222/1"," Malibagh College Road",Malibagh,1217
160091,"Rajdhani Press Center"," House 222/1"," Malibagh College Road",Malibagh,1217
160098,"Papia Tailors"," House 222/1"," Malibagh College Road",Malibagh,1217
160099,"Bhai Bhai Auto Dry Cleaners"," House 222/1"," Malibagh College Road",Malibagh,1217
160104,"Maer Doa Comilla Store"," House 222/1"," Malibagh College Road",Malibagh,1217
162900,"M/s Dokan"," House N/a"," Malibagh College Road",Malibagh,1217
